{"cameraMode":{"drawMode":0,"name":"Shaded","section":"Shading Mode"},"sceneLighting":false,"audioPlay":false,"sceneViewState":{"showFog":false,"showMaterialUpdate":false,"showSkybox":false,"showFlares":false,"showImageEffects":false,"showParticleSystems":false},"in2DMode":false,"pivot":{"x":-24.870004653930665,"y":50.28472137451172,"z":-0.00000762939453125},"rotation":{"x":-0.0648299902677536,"y":0.9333441257476807,"z":-0.27802929282188418,"w":-0.21772392094135285},"size":245.82737731933595,"orthographic":false}