{"cameraMode":{"drawMode":0,"name":"Shaded","section":"Shading Mode"},"sceneLighting":false,"audioPlay":false,"sceneViewState":{"showFog":false,"showMaterialUpdate":false,"showSkybox":false,"showFlares":false,"showImageEffects":false,"showParticleSystems":false},"in2DMode":false,"pivot":{"x":-0.0015219002962112427,"y":0.21322211623191834,"z":0.0},"rotation":{"x":0.12363453954458237,"y":0.8763675093650818,"z":-0.3242073655128479,"w":0.3343709111213684},"size":1.379204511642456,"orthographic":false}