{"cameraMode":{"drawMode":0,"name":"Shaded","section":"Shading Mode"},"sceneLighting":true,"audioPlay":false,"sceneViewState":{"showFog":false,"showMaterialUpdate":false,"showSkybox":false,"showFlares":false,"showImageEffects":false,"showParticleSystems":false},"in2DMode":false,"pivot":{"x":8.981929779052735,"y":3.8910794258117677,"z":4.084692001342773},"rotation":{"x":0.11095484346151352,"y":0.7786646485328674,"z":-0.14388816058635713,"w":0.6005937457084656},"size":22.342655181884767,"orthographic":false}