{"cameraMode":{"drawMode":0,"name":"Shaded","section":"Shading Mode"},"sceneLighting":true,"audioPlay":false,"sceneViewState":{"showFog":false,"showMaterialUpdate":false,"showSkybox":false,"showFlares":false,"showImageEffects":false,"showParticleSystems":false},"in2DMode":false,"pivot":{"x":-2.815290927886963,"y":4.491670608520508,"z":2.7381763458251955},"rotation":{"x":-0.002786038676276803,"y":0.9966870546340942,"z":-0.038900237530469897,"w":-0.07155487686395645},"size":4.624141216278076,"orthographic":false}