{"cameraMode":{"drawMode":0,"name":"Shaded","section":"Shading Mode"},"sceneLighting":true,"audioPlay":false,"sceneViewState":{"showFog":false,"showMaterialUpdate":false,"showSkybox":false,"showFlares":false,"showImageEffects":false,"showParticleSystems":false},"in2DMode":false,"pivot":{"x":10.722707748413086,"y":2.7127466201782228,"z":-8.361047744750977},"rotation":{"x":0.008509923703968525,"y":-0.9717642068862915,"z":0.2331877499818802,"w":0.03556334972381592},"size":8.63036823272705,"orthographic":false}