{"cameraMode":{"drawMode":0,"name":"Shaded","section":"Shading Mode"},"sceneLighting":false,"audioPlay":false,"sceneViewState":{"showFog":false,"showMaterialUpdate":false,"showSkybox":false,"showFlares":false,"showImageEffects":false,"showParticleSystems":false},"in2DMode":false,"pivot":{"x":-466.98046875,"y":-116.82553100585938,"z":221.3699951171875},"rotation":{"x":0.15306788682937623,"y":-0.7826953530311585,"z":0.21209025382995606,"w":0.5649468898773193},"size":2.51375412940979,"orthographic":false}