{"cameraMode":{"drawMode":0,"name":"Shaded","section":"Shading Mode"},"sceneLighting":false,"audioPlay":false,"sceneViewState":{"showFog":false,"showMaterialUpdate":false,"showSkybox":false,"showFlares":false,"showImageEffects":false,"showParticleSystems":false},"in2DMode":false,"pivot":{"x":-0.44385775923728945,"y":0.15445496141910554,"z":-0.6299560070037842},"rotation":{"x":-0.05213400349020958,"y":0.9479455947875977,"z":-0.2238568663597107,"w":-0.22057951986789704},"size":3.4974865913391115,"orthographic":false}