{"cameraMode":{"drawMode":0,"name":"Shaded","section":"Shading Mode"},"sceneLighting":false,"audioPlay":false,"sceneViewState":{"showFog":false,"showMaterialUpdate":false,"showSkybox":false,"showFlares":false,"showImageEffects":false,"showParticleSystems":false},"in2DMode":false,"pivot":{"x":0.07906246185302735,"y":-0.21551716327667237,"z":-3.4933629035949709},"rotation":{"x":-0.0648299902677536,"y":0.9333441257476807,"z":-0.27802929282188418,"w":-0.21772392094135285},"size":14.101359367370606,"orthographic":false}