{"cameraMode":{"drawMode":0,"name":"Shaded","section":"Shading Mode"},"sceneLighting":true,"audioPlay":false,"sceneViewState":{"showFog":false,"showMaterialUpdate":false,"showSkybox":false,"showFlares":false,"showImageEffects":false,"showParticleSystems":false},"in2DMode":false,"pivot":{"x":5.593475341796875,"y":3.1125597953796388,"z":-13.634506225585938},"rotation":{"x":0.008509923703968525,"y":-0.9717642068862915,"z":0.2331877499818802,"w":0.03556334972381592},"size":3.8675930500030519,"orthographic":false}