{"cameraMode":{"drawMode":0,"name":"Shaded","section":"Shading Mode"},"sceneLighting":false,"audioPlay":false,"sceneViewState":{"showFog":false,"showMaterialUpdate":false,"showSkybox":false,"showFlares":false,"showImageEffects":false,"showParticleSystems":false},"in2DMode":false,"pivot":{"x":0.04668235778808594,"y":-0.3891115188598633,"z":-0.11654472351074219},"rotation":{"x":-0.1404031366109848,"y":0.780921459197998,"z":-0.1896626353263855,"w":-0.5784308910369873},"size":38.96216583251953,"orthographic":false}