{"cameraMode":{"drawMode":0,"name":"Shaded","section":"Shading Mode"},"sceneLighting":true,"audioPlay":false,"sceneViewState":{"showFog":false,"showMaterialUpdate":false,"showSkybox":false,"showFlares":false,"showImageEffects":false,"showParticleSystems":false},"in2DMode":false,"pivot":{"x":5.515755653381348,"y":2.3158280849456789,"z":-10.25903034210205},"rotation":{"x":0.09684546291828156,"y":-0.8248522877693176,"z":0.14882910251617433,"w":0.536760151386261},"size":2.8011631965637209,"orthographic":false}