{"cameraMode":{"drawMode":0,"name":"Shaded","section":"Shading Mode"},"sceneLighting":false,"audioPlay":false,"sceneViewState":{"showFog":false,"showMaterialUpdate":false,"showSkybox":false,"showFlares":false,"showImageEffects":false,"showParticleSystems":false},"in2DMode":false,"pivot":{"x":-0.05004853010177612,"y":0.5531198382377625,"z":-2.7469797134399416},"rotation":{"x":0.36578747630119326,"y":-0.23831848800182343,"z":0.09743655472993851,"w":0.894406259059906},"size":1.686955451965332,"orthographic":false}