{"cameraMode":{"drawMode":0,"name":"Shaded","section":"Shading Mode"},"sceneLighting":true,"audioPlay":false,"sceneViewState":{"showFog":false,"showMaterialUpdate":false,"showSkybox":false,"showFlares":false,"showImageEffects":false,"showParticleSystems":false},"in2DMode":false,"pivot":{"x":23.63638687133789,"y":6.098046779632568,"z":-69.15664672851563},"rotation":{"x":-0.11180483549833298,"y":0.882258951663971,"z":-0.3741322457790375,"w":-0.2633497416973114},"size":252.43011474609376,"orthographic":false}