{"cameraMode":{"drawMode":0,"name":"Shaded","section":"Shading Mode"},"sceneLighting":false,"audioPlay":false,"sceneViewState":{"showFog":false,"showMaterialUpdate":false,"showSkybox":false,"showFlares":false,"showImageEffects":false,"showParticleSystems":false},"in2DMode":false,"pivot":{"x":530.2870483398438,"y":259.4957275390625,"z":-3.8456146717071535},"rotation":{"x":0.08987008035182953,"y":0.021193457767367364,"z":-0.0018882924923673273,"w":0.9957464933395386},"size":676.0830078125,"orthographic":false}