{"cameraMode":{"drawMode":0,"name":"Shaded","section":"Shading Mode"},"sceneLighting":false,"audioPlay":false,"sceneViewState":{"showFog":false,"showMaterialUpdate":false,"showSkybox":false,"showFlares":false,"showImageEffects":false,"showParticleSystems":false},"in2DMode":false,"pivot":{"x":0.3127511739730835,"y":1.4332494735717774,"z":-0.3752608895301819},"rotation":{"x":0.04494994506239891,"y":0.6986848711967468,"z":0.044069599360227588,"w":-0.7126598954200745},"size":0.7974869608879089,"orthographic":false}