{"cameraMode":{"drawMode":0,"name":"Shaded","section":"Shading Mode"},"sceneLighting":false,"audioPlay":false,"sceneViewState":{"showFog":false,"showMaterialUpdate":false,"showSkybox":false,"showFlares":false,"showImageEffects":false,"showParticleSystems":false},"in2DMode":false,"pivot":{"x":-0.0003985166549682617,"y":0.7946352958679199,"z":0.006128907203674316},"rotation":{"x":0.04910201206803322,"y":0.9134806394577026,"z":-0.11602303385734558,"w":0.38710275292396548},"size":6.886379241943359,"orthographic":false}