{"cameraMode":{"drawMode":0,"name":"Shaded","section":"Shading Mode"},"sceneLighting":true,"audioPlay":false,"sceneViewState":{"showFog":false,"showMaterialUpdate":false,"showSkybox":false,"showFlares":false,"showImageEffects":false,"showParticleSystems":false},"in2DMode":false,"pivot":{"x":2.2664105892181398,"y":1.0498480796813965,"z":4.069757461547852},"rotation":{"x":-0.05093725025653839,"y":-0.6432317495346069,"z":0.042854417115449908,"w":-0.7628961801528931},"size":17.68671417236328,"orthographic":false}