{"cameraMode":{"drawMode":0,"name":"Shaded","section":"Shading Mode"},"sceneLighting":true,"audioPlay":false,"sceneViewState":{"showFog":false,"showMaterialUpdate":false,"showSkybox":false,"showFlares":false,"showImageEffects":false,"showParticleSystems":false},"in2DMode":false,"pivot":{"x":16.988147735595704,"y":0.2251112163066864,"z":22.656206130981447},"rotation":{"x":0.009569310583174229,"y":0.9689143896102905,"z":-0.24452996253967286,"w":0.038124632090330127},"size":0.11408981680870056,"orthographic":false}