{"cameraMode":{"drawMode":0,"name":"Shaded","section":"Shading Mode"},"sceneLighting":false,"audioPlay":false,"sceneViewState":{"showFog":false,"showMaterialUpdate":false,"showSkybox":false,"showFlares":false,"showImageEffects":false,"showParticleSystems":false},"in2DMode":false,"pivot":{"x":-5.58399772644043,"y":-1.9148987531661988,"z":-1.435295581817627},"rotation":{"x":-0.0037668037693947555,"y":0.9958820343017578,"z":0.04932725429534912,"w":0.0760338082909584},"size":1.9974863529205323,"orthographic":false}