{"cameraMode":{"drawMode":0,"name":"Shaded","section":"Shading Mode"},"sceneLighting":false,"audioPlay":false,"sceneViewState":{"showFog":false,"showMaterialUpdate":false,"showSkybox":false,"showFlares":false,"showImageEffects":false,"showParticleSystems":false},"in2DMode":false,"pivot":{"x":434.63677978515627,"y":154.03564453125,"z":-10.761363983154297},"rotation":{"x":-0.1076570600271225,"y":0.05130434408783913,"z":-0.0055825840681791309,"w":-0.9928667545318604},"size":944.9209594726563,"orthographic":false}