{"cameraMode":{"drawMode":0,"name":"Shaded","section":"Shading Mode"},"sceneLighting":false,"audioPlay":false,"sceneViewState":{"showFog":false,"showMaterialUpdate":false,"showSkybox":false,"showFlares":false,"showImageEffects":false,"showParticleSystems":false},"in2DMode":false,"pivot":{"x":4.690557956695557,"y":9.116025924682618,"z":2.79889178276062},"rotation":{"x":-0.11945492774248123,"y":0.11941969394683838,"z":-0.014423530548810959,"w":-0.9855635166168213},"size":4.577238082885742,"orthographic":false}