{"cameraMode":{"drawMode":0,"name":"Shaded","section":"Shading Mode"},"sceneLighting":true,"audioPlay":false,"sceneViewState":{"showFog":false,"showMaterialUpdate":false,"showSkybox":false,"showFlares":false,"showImageEffects":false,"showParticleSystems":false},"in2DMode":false,"pivot":{"x":-22.190963745117189,"y":15.505475044250489,"z":-7.388195037841797},"rotation":{"x":0.011605842038989067,"y":0.9133597016334534,"z":0.02601514756679535,"w":-0.40623363852500918},"size":57.431060791015628,"orthographic":false}