{"cameraMode":{"drawMode":0,"name":"Shaded","section":"Shading Mode"},"sceneLighting":true,"audioPlay":false,"sceneViewState":{"showFog":false,"showMaterialUpdate":false,"showSkybox":false,"showFlares":false,"showImageEffects":false,"showParticleSystems":false},"in2DMode":false,"pivot":{"x":-5.7129316329956059,"y":3.495713472366333,"z":-3.8456146717071535},"rotation":{"x":-0.04110138118267059,"y":0.9417185187339783,"z":-0.1250474452972412,"w":-0.3096415400505066},"size":9.785400390625,"orthographic":false}