{"cameraMode":{"drawMode":0,"name":"Shaded","section":"Shading Mode"},"sceneLighting":true,"audioPlay":false,"sceneViewState":{"showFog":false,"showMaterialUpdate":false,"showSkybox":false,"showFlares":false,"showImageEffects":false,"showParticleSystems":false},"in2DMode":false,"pivot":{"x":-0.36670541763305666,"y":7.094788551330566,"z":-4.780153274536133},"rotation":{"x":0.005833757109940052,"y":-0.9586377739906311,"z":0.2839924693107605,"w":0.01952817663550377},"size":-0.4798598885536194,"orthographic":false}