{"cameraMode":{"drawMode":0,"name":"Shaded","section":"Shading Mode"},"sceneLighting":false,"audioPlay":false,"sceneViewState":{"showFog":false,"showMaterialUpdate":false,"showSkybox":false,"showFlares":false,"showImageEffects":false,"showParticleSystems":false},"in2DMode":false,"pivot":{"x":1.3660000562667847,"y":0.09476334601640701,"z":0.6880000233650208},"rotation":{"x":0.12363453954458237,"y":0.8763675093650818,"z":-0.3242073655128479,"w":0.3343709111213684},"size":0.6940553188323975,"orthographic":false}