{"cameraMode":{"drawMode":0,"name":"Shaded","section":"Shading Mode"},"sceneLighting":false,"audioPlay":false,"sceneViewState":{"showFog":false,"showMaterialUpdate":false,"showSkybox":false,"showFlares":false,"showImageEffects":false,"showParticleSystems":false},"in2DMode":false,"pivot":{"x":0.10995011776685715,"y":0.5695937871932983,"z":0.06722854822874069},"rotation":{"x":0.08274135738611222,"y":0.9170364737510681,"z":-0.28611016273498537,"w":0.26536262035369875},"size":1.9974868297576905,"orthographic":false}