{"cameraMode":{"drawMode":0,"name":"Shaded","section":"Shading Mode"},"sceneLighting":false,"audioPlay":false,"sceneViewState":{"showFog":false,"showMaterialUpdate":false,"showSkybox":false,"showFlares":false,"showImageEffects":false,"showParticleSystems":false},"in2DMode":false,"pivot":{"x":80.80000305175781,"y":99.5999984741211,"z":76.89999389648438},"rotation":{"x":-0.0648299902677536,"y":0.9333441257476807,"z":-0.27802929282188418,"w":-0.21772392094135285},"size":528.2577514648438,"orthographic":false}