{"cameraMode":{"drawMode":0,"name":"Shaded","section":"Shading Mode"},"sceneLighting":true,"audioPlay":false,"sceneViewState":{"showFog":false,"showMaterialUpdate":false,"showSkybox":false,"showFlares":false,"showImageEffects":false,"showParticleSystems":false},"in2DMode":false,"pivot":{"x":-8.130799293518067,"y":3.6835808753967287,"z":-12.699254989624024},"rotation":{"x":-0.06251285970211029,"y":0.9302257299423218,"z":-0.3089938163757324,"w":-0.1880924254655838},"size":9.553820610046387,"orthographic":false}