{"cameraMode":{"drawMode":0,"name":"Shaded","section":"Shading Mode"},"sceneLighting":false,"audioPlay":false,"sceneViewState":{"showFog":false,"showMaterialUpdate":false,"showSkybox":false,"showFlares":false,"showImageEffects":false,"showParticleSystems":false},"in2DMode":false,"pivot":{"x":530.2870483398438,"y":259.4957275390625,"z":-3.8456146717071535},"rotation":{"x":0.08830634504556656,"y":0.045088991522789,"z":-0.003976789303123951,"w":0.9950847029685974},"size":810.8419189453125,"orthographic":false}