{"cameraMode":{"drawMode":0,"name":"Shaded","section":"Shading Mode"},"sceneLighting":true,"audioPlay":false,"sceneViewState":{"showFog":false,"showMaterialUpdate":false,"showSkybox":false,"showFlares":false,"showImageEffects":false,"showParticleSystems":false},"in2DMode":false,"pivot":{"x":-1.5514044761657715,"y":3.309800624847412,"z":-14.207670211791993},"rotation":{"x":-0.02111235074698925,"y":0.9781188368797302,"z":-0.12539958953857423,"w":-0.16468007862567902},"size":3.2487971782684328,"orthographic":false}