{"cameraMode":{"drawMode":0,"name":"Shaded","section":"Shading Mode"},"sceneLighting":true,"audioPlay":false,"sceneViewState":{"showFog":false,"showMaterialUpdate":false,"showSkybox":false,"showFlares":false,"showImageEffects":false,"showParticleSystems":false},"in2DMode":false,"pivot":{"x":4.252938270568848,"y":5.021275997161865,"z":-4.69772481918335},"rotation":{"x":0.0024657428730279209,"y":-0.9428929686546326,"z":0.007093468215316534,"w":0.33308500051498415},"size":6.9199090003967289,"orthographic":false}