{"cameraMode":{"drawMode":0,"name":"Shaded","section":"Shading Mode"},"sceneLighting":true,"audioPlay":false,"sceneViewState":{"showFog":false,"showMaterialUpdate":false,"showSkybox":false,"showFlares":false,"showImageEffects":false,"showParticleSystems":false},"in2DMode":false,"pivot":{"x":1.6111111640930176,"y":3.633756399154663,"z":-6.123857498168945},"rotation":{"x":-0.07443513721227646,"y":-0.8087912201881409,"z":0.10493645071983338,"w":-0.573895275592804},"size":8.350947380065918,"orthographic":false}