{"cameraMode":{"drawMode":0,"name":"Shaded","section":"Shading Mode"},"sceneLighting":false,"audioPlay":false,"sceneViewState":{"showFog":false,"showMaterialUpdate":false,"showSkybox":false,"showFlares":false,"showImageEffects":false,"showParticleSystems":false},"in2DMode":false,"pivot":{"x":-5.912987232208252,"y":-2.1257147789001467,"z":-0.619098961353302},"rotation":{"x":-0.036747802048921588,"y":0.9580846428871155,"z":-0.24515974521636964,"w":-0.14362496137619019},"size":2.5974862575531008,"orthographic":false}