{"cameraMode":{"drawMode":0,"name":"Shaded","section":"Shading Mode"},"sceneLighting":true,"audioPlay":false,"sceneViewState":{"showFog":false,"showMaterialUpdate":false,"showSkybox":false,"showFlares":false,"showImageEffects":false,"showParticleSystems":false},"in2DMode":false,"pivot":{"x":-25.945919036865236,"y":3.026257038116455,"z":-9.273393630981446},"rotation":{"x":-0.17173460125923158,"y":0.09795061498880387,"z":-0.016931194812059404,"w":-0.9802712798118591},"size":1487.5799560546875,"orthographic":false}