{"cameraMode":{"drawMode":0,"name":"Shaded","section":"Shading Mode"},"sceneLighting":false,"audioPlay":false,"sceneViewState":{"showFog":false,"showMaterialUpdate":false,"showSkybox":false,"showFlares":false,"showImageEffects":false,"showParticleSystems":false},"in2DMode":false,"pivot":{"x":0.010119348764419556,"y":0.0875418484210968,"z":1.4901161193847657e-8},"rotation":{"x":0.15306788682937623,"y":-0.7826953530311585,"z":0.21209025382995606,"w":0.5649468898773193},"size":0.4824673533439636,"orthographic":false}