{"cameraMode":{"drawMode":0,"name":"Shaded","section":"Shading Mode"},"sceneLighting":true,"audioPlay":false,"sceneViewState":{"showFog":false,"showMaterialUpdate":false,"showSkybox":false,"showFlares":false,"showImageEffects":false,"showParticleSystems":false},"in2DMode":false,"pivot":{"x":3.868434429168701,"y":5.176984786987305,"z":8.633305549621582},"rotation":{"x":0.011279294267296791,"y":0.9872660040855408,"z":-0.1359161138534546,"w":0.08193423599004746},"size":12.960386276245118,"orthographic":false}