{"cameraMode":{"drawMode":0,"name":"Shaded","section":"Shading Mode"},"sceneLighting":false,"audioPlay":false,"sceneViewState":{"showFog":false,"showMaterialUpdate":false,"showSkybox":false,"showFlares":false,"showImageEffects":false,"showParticleSystems":false},"in2DMode":false,"pivot":{"x":-469.9542541503906,"y":-116.01304626464844,"z":188.90525817871095},"rotation":{"x":-0.008722065947949887,"y":-0.9796933531761169,"z":0.19564934074878694,"w":-0.04381457343697548},"size":0.9209626913070679,"orthographic":false}