{"cameraMode":{"drawMode":0,"name":"Shaded","section":"Shading Mode"},"sceneLighting":false,"audioPlay":false,"sceneViewState":{"showFog":false,"showMaterialUpdate":false,"showSkybox":false,"showFlares":false,"showImageEffects":false,"showParticleSystems":false},"in2DMode":false,"pivot":{"x":-488.6585693359375,"y":-115.80169677734375,"z":198.9604949951172},"rotation":{"x":0.15306788682937623,"y":-0.7826953530311585,"z":0.21209025382995606,"w":0.5649468898773193},"size":2.009460210800171,"orthographic":false}