{"cameraMode":{"drawMode":0,"name":"Shaded","section":"Shading Mode"},"sceneLighting":true,"audioPlay":false,"sceneViewState":{"showFog":false,"showMaterialUpdate":false,"showSkybox":false,"showFlares":false,"showImageEffects":false,"showParticleSystems":false},"in2DMode":false,"pivot":{"x":-19.729999542236329,"y":3.010000228881836,"z":-10.829999923706055},"rotation":{"x":0.24352604150772096,"y":-0.6050178408622742,"z":0.20153877139091493,"w":0.7308220267295837},"size":65.1164779663086,"orthographic":false}