{"cameraMode":{"drawMode":0,"name":"Shaded","section":"Shading Mode"},"sceneLighting":true,"audioPlay":false,"sceneViewState":{"showFog":false,"showMaterialUpdate":false,"showSkybox":false,"showFlares":false,"showImageEffects":false,"showParticleSystems":false},"in2DMode":false,"pivot":{"x":-5.014847755432129,"y":5.577510833740234,"z":-21.512451171875},"rotation":{"x":0.009791076183319092,"y":0.9644007682800293,"z":-0.2619406580924988,"w":0.03617018461227417},"size":2.818678140640259,"orthographic":false}