{"cameraMode":{"drawMode":0,"name":"Shaded","section":"Shading Mode"},"sceneLighting":true,"audioPlay":false,"sceneViewState":{"showFog":false,"showMaterialUpdate":false,"showSkybox":false,"showFlares":false,"showImageEffects":false,"showParticleSystems":false},"in2DMode":false,"pivot":{"x":23.63638687133789,"y":6.098046779632568,"z":-69.15664672851563},"rotation":{"x":0.0719698891043663,"y":-0.9148334264755249,"z":0.18846161663532258,"w":0.35007330775260928},"size":82.4251480102539,"orthographic":false}