{"cameraMode":{"drawMode":0,"name":"Shaded","section":"Shading Mode"},"sceneLighting":true,"audioPlay":false,"sceneViewState":{"showFog":false,"showMaterialUpdate":false,"showSkybox":false,"showFlares":false,"showImageEffects":false,"showParticleSystems":false},"in2DMode":false,"pivot":{"x":4.700394630432129,"y":3.4213099479675295,"z":-13.82436466217041},"rotation":{"x":-0.08713172376155853,"y":-0.8591788411140442,"z":0.15608243644237519,"w":-0.4795645773410797},"size":44.57536315917969,"orthographic":false}