{"cameraMode":{"drawMode":0,"name":"Shaded","section":"Shading Mode"},"sceneLighting":false,"audioPlay":false,"sceneViewState":{"showFog":false,"showMaterialUpdate":false,"showSkybox":false,"showFlares":false,"showImageEffects":false,"showParticleSystems":false},"in2DMode":false,"pivot":{"x":5.6591362953186039,"y":-0.11933841556310654,"z":1.5805201530456544},"rotation":{"x":0.013376218266785145,"y":-0.9762690663337708,"z":0.06276131421327591,"w":0.20715372264385224},"size":0.14326824247837068,"orthographic":false}