{"cameraMode":{"drawMode":0,"name":"Shaded","section":"Shading Mode"},"sceneLighting":false,"audioPlay":false,"sceneViewState":{"showFog":false,"showMaterialUpdate":false,"showSkybox":false,"showFlares":false,"showImageEffects":false,"showParticleSystems":false},"in2DMode":false,"pivot":{"x":0.11758846044540405,"y":1.4314943552017213,"z":0.394347608089447},"rotation":{"x":0.008453164249658585,"y":-0.9752109050750732,"z":0.03776724636554718,"w":0.21798034012317658},"size":0.9662372469902039,"orthographic":false}