{"cameraMode":{"drawMode":0,"name":"Shaded","section":"Shading Mode"},"sceneLighting":true,"audioPlay":false,"sceneViewState":{"showFog":false,"showMaterialUpdate":false,"showSkybox":false,"showFlares":false,"showImageEffects":false,"showParticleSystems":false},"in2DMode":false,"pivot":{"x":5.235686302185059,"y":3.132140636444092,"z":-7.165050029754639},"rotation":{"x":-0.0011375464964658023,"y":0.9673707485198975,"z":-0.004363289102911949,"w":-0.2533782422542572},"size":1.324141025543213,"orthographic":false}