{"cameraMode":{"drawMode":0,"name":"Shaded","section":"Shading Mode"},"sceneLighting":true,"audioPlay":false,"sceneViewState":{"showFog":false,"showMaterialUpdate":false,"showSkybox":false,"showFlares":false,"showImageEffects":false,"showParticleSystems":false},"in2DMode":false,"pivot":{"x":496.6497802734375,"y":345.0599365234375,"z":0.0},"rotation":{"x":0.08957851678133011,"y":0.018221542239189149,"z":-0.001601391239091754,"w":0.9958429336547852},"size":598.6221313476563,"orthographic":false}