{"cameraMode":{"drawMode":0,"name":"Shaded","section":"Shading Mode"},"sceneLighting":false,"audioPlay":false,"sceneViewState":{"showFog":false,"showMaterialUpdate":false,"showSkybox":false,"showFlares":false,"showImageEffects":false,"showParticleSystems":false},"in2DMode":false,"pivot":{"x":-6.811223030090332,"y":7.722363471984863,"z":-7.026496410369873},"rotation":{"x":0.11891009658575058,"y":-0.6861922740936279,"z":0.11504381150007248,"w":0.7084094882011414},"size":28.42259979248047,"orthographic":false}