{"cameraMode":{"drawMode":0,"name":"Shaded","section":"Shading Mode"},"sceneLighting":true,"audioPlay":false,"sceneViewState":{"showFog":false,"showMaterialUpdate":false,"showSkybox":false,"showFlares":false,"showImageEffects":false,"showParticleSystems":false},"in2DMode":false,"pivot":{"x":32.94194793701172,"y":0.6317194700241089,"z":-23.818897247314454},"rotation":{"x":0.011434857733547688,"y":0.9885732531547546,"z":-0.10089219361543656,"w":0.1116865873336792},"size":57.431060791015628,"orthographic":false}