{"cameraMode":{"drawMode":0,"name":"Shaded","section":"Shading Mode"},"sceneLighting":false,"audioPlay":false,"sceneViewState":{"showFog":false,"showMaterialUpdate":false,"showSkybox":false,"showFlares":false,"showImageEffects":false,"showParticleSystems":false},"in2DMode":false,"pivot":{"x":0.3359735608100891,"y":0.8661317825317383,"z":-0.06305426359176636},"rotation":{"x":0.000653629656881094,"y":0.9982959032058716,"z":-0.05787716433405876,"w":0.011643472127616406},"size":2.597486734390259,"orthographic":false}