{"cameraMode":{"drawMode":0,"name":"Shaded","section":"Shading Mode"},"sceneLighting":false,"audioPlay":false,"sceneViewState":{"showFog":false,"showMaterialUpdate":false,"showSkybox":false,"showFlares":false,"showImageEffects":false,"showParticleSystems":false},"in2DMode":false,"pivot":{"x":-444.1523132324219,"y":-118.94275665283203,"z":184.1542205810547},"rotation":{"x":-0.06777095049619675,"y":0.5924204587936401,"z":-0.04999782145023346,"w":-0.8013210296630859},"size":0.45788389444351199,"orthographic":false}