{"cameraMode":{"drawMode":0,"name":"Shaded","section":"Shading Mode"},"sceneLighting":true,"audioPlay":false,"sceneViewState":{"showFog":false,"showMaterialUpdate":false,"showSkybox":false,"showFlares":false,"showImageEffects":false,"showParticleSystems":false},"in2DMode":false,"pivot":{"x":15.741740226745606,"y":0.7873405814170837,"z":6.460806369781494},"rotation":{"x":-0.008312247693538666,"y":0.9741403460502625,"z":-0.03626222535967827,"w":-0.2229584902524948},"size":5.069976329803467,"orthographic":false}