{"cameraMode":{"drawMode":0,"name":"Shaded","section":"Shading Mode"},"sceneLighting":false,"audioPlay":false,"sceneViewState":{"showFog":false,"showMaterialUpdate":false,"showSkybox":false,"showFlares":false,"showImageEffects":false,"showParticleSystems":false},"in2DMode":false,"pivot":{"x":412.0213317871094,"y":321.7154541015625,"z":-27.8709716796875},"rotation":{"x":-0.04349633678793907,"y":0.0036248830147087576,"z":-0.0001782368344720453,"w":-0.9990667700767517},"size":1029.406494140625,"orthographic":false}