{"cameraMode":{"drawMode":0,"name":"Shaded","section":"Shading Mode"},"sceneLighting":true,"audioPlay":false,"sceneViewState":{"showFog":false,"showMaterialUpdate":false,"showSkybox":false,"showFlares":false,"showImageEffects":false,"showParticleSystems":false},"in2DMode":false,"pivot":{"x":19.869373321533204,"y":5.105129241943359,"z":6.41069221496582},"rotation":{"x":0.1631803959608078,"y":0.4749809801578522,"z":-0.09012196213006973,"w":0.8600286245346069},"size":12.609509468078614,"orthographic":false}