{"cameraMode":{"drawMode":0,"name":"Shaded","section":"Shading Mode"},"sceneLighting":false,"audioPlay":false,"sceneViewState":{"showFog":false,"showMaterialUpdate":false,"showSkybox":false,"showFlares":false,"showImageEffects":false,"showParticleSystems":false},"in2DMode":false,"pivot":{"x":530.2870483398438,"y":259.4957275390625,"z":-3.8456146717071535},"rotation":{"x":-0.01648697629570961,"y":-0.020717939361929895,"z":-0.00031706292065791786,"w":0.99966961145401},"size":414.5647277832031,"orthographic":false}