{"cameraMode":{"drawMode":0,"name":"Shaded","section":"Shading Mode"},"sceneLighting":false,"audioPlay":false,"sceneViewState":{"showFog":false,"showMaterialUpdate":true,"showSkybox":false,"showFlares":true,"showImageEffects":true,"showParticleSystems":true},"in2DMode":false,"pivot":{"x":0.21410585939884187,"y":1.8802874088287354,"z":-0.41513630747795107},"rotation":{"x":-0.22681091725826264,"y":-0.028332261368632318,"z":0.006588741205632687,"w":-0.9735177159309387},"size":2.6881015300750734,"orthographic":false}