{"cameraMode":{"drawMode":0,"name":"Shaded","section":"Shading Mode"},"sceneLighting":true,"audioPlay":false,"sceneViewState":{"showFog":false,"showMaterialUpdate":true,"showSkybox":false,"showFlares":true,"showImageEffects":true,"showParticleSystems":true},"in2DMode":false,"pivot":{"x":36.29191589355469,"y":1729.0472412109375,"z":-127.224853515625},"rotation":{"x":-0.4176329970359802,"y":0.4164203405380249,"z":-0.22415567934513093,"w":-0.7758503556251526},"size":1.9668962955474854,"orthographic":false}