{"cameraMode":{"drawMode":0,"name":"Shaded","section":"Shading Mode"},"sceneLighting":true,"audioPlay":false,"sceneViewState":{"showFog":false,"showMaterialUpdate":true,"showSkybox":false,"showFlares":true,"showImageEffects":true,"showParticleSystems":true},"in2DMode":false,"pivot":{"x":60.489959716796878,"y":84.00590515136719,"z":53.715023040771487},"rotation":{"x":0.3328874409198761,"y":-0.6307319402694702,"z":0.3436809182167053,"w":0.6109723448753357},"size":115.70757293701172,"orthographic":false}