{"cameraMode":{"drawMode":0,"name":"Shaded","section":"Shading Mode"},"sceneLighting":false,"audioPlay":false,"sceneViewState":{"showFog":false,"showMaterialUpdate":true,"showSkybox":false,"showFlares":true,"showImageEffects":true,"showParticleSystems":true},"in2DMode":false,"pivot":{"x":-0.005836993455886841,"y":0.23099718987941743,"z":-0.00241069495677948},"rotation":{"x":-0.3992806077003479,"y":0.1008986309170723,"z":-0.04427484795451164,"w":-0.9101977348327637},"size":1.0710728168487549,"orthographic":false}