{"cameraMode":{"drawMode":0,"name":"Shaded","section":"Shading Mode"},"sceneLighting":true,"audioPlay":false,"sceneViewState":{"showFog":false,"showMaterialUpdate":true,"showSkybox":false,"showFlares":true,"showImageEffects":true,"showParticleSystems":true},"in2DMode":false,"pivot":{"x":55.43363952636719,"y":42.46446228027344,"z":28.728565216064454},"rotation":{"x":0.4375954866409302,"y":0.016184568405151368,"z":-0.007877782918512822,"w":0.8989932537078857},"size":14.717098236083985,"orthographic":false}