{"cameraMode":{"drawMode":0,"name":"Shaded","section":"Shading Mode"},"sceneLighting":true,"audioPlay":false,"sceneViewState":{"showFog":true,"showMaterialUpdate":false,"showSkybox":true,"showFlares":true,"showImageEffects":true,"showParticleSystems":true},"in2DMode":false,"pivot":{"x":575.7625732421875,"y":283.7554626464844,"z":-98.0321044921875},"rotation":{"x":-0.21416763961315156,"y":0.2042553573846817,"z":-0.04584863781929016,"w":-0.9541049599647522},"size":674.349853515625,"orthographic":false}