{"cameraMode":{"drawMode":0,"name":"Shaded","section":"Shading Mode"},"sceneLighting":false,"audioPlay":false,"sceneViewState":{"showFog":true,"showMaterialUpdate":true,"showSkybox":false,"showFlares":true,"showImageEffects":true,"showParticleSystems":true},"in2DMode":false,"pivot":{"x":-1.421499490737915,"y":0.5400652289390564,"z":0.23506712913513184},"rotation":{"x":0.1494145542383194,"y":-0.01930195651948452,"z":0.002899894956499338,"w":0.9886102080345154},"size":3.684986114501953,"orthographic":false}