{"cameraMode":{"drawMode":0,"name":"Shaded","section":"Shading Mode"},"sceneLighting":false,"audioPlay":false,"sceneViewState":{"showFog":true,"showMaterialUpdate":false,"showSkybox":false,"showFlares":true,"showImageEffects":true,"showParticleSystems":true},"in2DMode":false,"pivot":{"x":0.668295681476593,"y":-0.05712199583649635,"z":-0.1472676694393158},"rotation":{"x":-0.03477194160223007,"y":0.9647062420845032,"z":-0.20169779658317567,"w":-0.16625620424747468},"size":3.6452341079711916,"orthographic":false}