{"cameraMode":{"drawMode":0,"name":"Shaded","section":"Shading Mode"},"sceneLighting":true,"audioPlay":false,"sceneViewState":{"showFog":true,"showMaterialUpdate":true,"showSkybox":true,"showFlares":true,"showImageEffects":true,"showParticleSystems":true},"in2DMode":false,"pivot":{"x":-4.117794036865234,"y":8.089969635009766,"z":-7.525527000427246},"rotation":{"x":0.07934747636318207,"y":-0.8127057552337647,"z":0.11383233964443207,"w":0.5659845471382141},"size":25.438913345336915,"orthographic":false}