{"cameraMode":{"drawMode":0,"name":"Shaded","section":"Shading Mode"},"sceneLighting":false,"audioPlay":false,"sceneViewState":{"showFog":true,"showMaterialUpdate":true,"showSkybox":false,"showFlares":true,"showImageEffects":true,"showParticleSystems":true},"in2DMode":false,"pivot":{"x":1.1920928955078126e-7,"y":0.0,"z":1.0000001192092896},"rotation":{"x":0.04894782602787018,"y":-0.7384591698646545,"z":0.05393746867775917,"w":0.6703612804412842},"size":5.963445663452148,"orthographic":false}