{"cameraMode":{"drawMode":0,"name":"Shaded","section":"Shading Mode"},"sceneLighting":false,"audioPlay":false,"sceneViewState":{"showFog":true,"showMaterialUpdate":false,"showSkybox":false,"showFlares":true,"showImageEffects":true,"showParticleSystems":true},"in2DMode":false,"pivot":{"x":-0.7008187770843506,"y":-0.5882381200790405,"z":0.5855440497398377},"rotation":{"x":0.009671034291386605,"y":0.9778555035591126,"z":-0.2044447660446167,"w":0.04580582305788994},"size":5.14523458480835,"orthographic":false}