{"cameraMode":{"drawMode":0,"name":"Shaded","section":"Shading Mode"},"sceneLighting":false,"audioPlay":false,"sceneViewState":{"showFog":true,"showMaterialUpdate":true,"showSkybox":false,"showFlares":true,"showImageEffects":true,"showParticleSystems":true},"in2DMode":false,"pivot":{"x":0.0880838930606842,"y":0.7184001207351685,"z":0.03560476750135422},"rotation":{"x":-0.00017631411901675165,"y":0.9891751408576965,"z":-0.14677785336971284,"w":-0.001186296110972762},"size":1.6974868774414063,"orthographic":false}