{"cameraMode":{"drawMode":0,"name":"Shaded","section":"Shading Mode"},"sceneLighting":true,"audioPlay":false,"sceneViewState":{"showFog":true,"showMaterialUpdate":true,"showSkybox":true,"showFlares":true,"showImageEffects":true,"showParticleSystems":true},"in2DMode":false,"pivot":{"x":8.420244216918946,"y":3.2581024169921877,"z":-10.85218620300293},"rotation":{"x":-0.04343971237540245,"y":0.9565256237983704,"z":-0.199689581990242,"w":-0.20807896554470063},"size":3.920964479446411,"orthographic":false}