{"cameraMode":{"drawMode":0,"name":"Shaded","section":"Shading Mode"},"sceneLighting":true,"audioPlay":false,"sceneViewState":{"showFog":true,"showMaterialUpdate":true,"showSkybox":true,"showFlares":true,"showImageEffects":true,"showParticleSystems":true},"in2DMode":false,"pivot":{"x":-0.21075385808944703,"y":5.524190902709961,"z":1.0286293029785157},"rotation":{"x":0.008667221292853356,"y":0.9872406125068665,"z":-0.14830364286899568,"w":0.05819425359368324},"size":7.36943244934082,"orthographic":false}