{"cameraMode":{"drawMode":0,"name":"Shaded","section":"Shading Mode"},"sceneLighting":false,"audioPlay":false,"sceneViewState":{"showFog":true,"showMaterialUpdate":false,"showSkybox":true,"showFlares":true,"showImageEffects":true,"showParticleSystems":true},"in2DMode":false,"pivot":{"x":2.5778117179870607,"y":5.118302345275879,"z":-3.053499698638916},"rotation":{"x":0.10328858345746994,"y":-0.8944748640060425,"z":0.26988503336906435,"w":0.34164729714393618},"size":1.0174269676208497,"orthographic":false}