{"cameraMode":{"drawMode":0,"name":"Shaded","section":"Shading Mode"},"sceneLighting":true,"audioPlay":false,"sceneViewState":{"showFog":true,"showMaterialUpdate":false,"showSkybox":true,"showFlares":true,"showImageEffects":true,"showParticleSystems":true},"in2DMode":false,"pivot":{"x":0.7605448961257935,"y":3.3925399780273439,"z":-15.673269271850586},"rotation":{"x":-0.005002584774047136,"y":-0.9200470447540283,"z":0.39214423298835757,"w":-0.01180962473154068},"size":8.30968189239502,"orthographic":false}