{"cameraMode":{"drawMode":0,"name":"Shaded","section":"Shading Mode"},"sceneLighting":false,"audioPlay":false,"sceneViewState":{"showFog":true,"showMaterialUpdate":true,"showSkybox":false,"showFlares":true,"showImageEffects":true,"showParticleSystems":true},"in2DMode":false,"pivot":{"x":0.0,"y":-0.1469999998807907,"z":-0.1224999949336052},"rotation":{"x":-0.27508360147476199,"y":-0.6186345815658569,"z":0.24522554874420167,"w":-0.6939142942428589},"size":0.9764396548271179,"orthographic":false}