{"cameraMode":{"drawMode":0,"name":"Shaded","section":"Shading Mode"},"sceneLighting":false,"audioPlay":false,"sceneViewState":{"showFog":true,"showMaterialUpdate":true,"showSkybox":false,"showFlares":true,"showImageEffects":true,"showParticleSystems":true},"in2DMode":false,"pivot":{"x":0.0880838930606842,"y":0.7184001207351685,"z":0.03560476750135422},"rotation":{"x":-0.3529314696788788,"y":0.4041987955570221,"z":-0.17271573841571809,"w":-0.825982928276062},"size":2.897486686706543,"orthographic":false}