{"cameraMode":{"drawMode":0,"name":"Shaded","section":"Shading Mode"},"sceneLighting":true,"audioPlay":false,"sceneViewState":{"showFog":true,"showMaterialUpdate":true,"showSkybox":true,"showFlares":true,"showImageEffects":true,"showParticleSystems":true},"in2DMode":false,"pivot":{"x":-1.579742431640625,"y":3.37656831741333,"z":-15.088180541992188},"rotation":{"x":0.04777492955327034,"y":-0.9505864381790161,"z":0.24443814158439637,"w":0.18558982014656068},"size":5.505023956298828,"orthographic":false}