{"cameraMode":{"drawMode":0,"name":"Shaded","section":"Shading Mode"},"sceneLighting":true,"audioPlay":false,"sceneViewState":{"showFog":true,"showMaterialUpdate":false,"showSkybox":true,"showFlares":true,"showImageEffects":true,"showParticleSystems":true},"in2DMode":false,"pivot":{"x":0.7967948913574219,"y":-0.9157047271728516,"z":-3.63206148147583},"rotation":{"x":-0.23377124965190888,"y":0.6983084082603455,"z":-0.26170337200164797,"w":-0.6240202784538269},"size":28.577892303466798,"orthographic":false}