{"cameraMode":{"drawMode":0,"name":"Shaded","section":"Shading Mode"},"sceneLighting":false,"audioPlay":false,"sceneViewState":{"showFog":false,"showMaterialUpdate":true,"showSkybox":false,"showFlares":true,"showImageEffects":true,"showParticleSystems":true},"in2DMode":false,"pivot":{"x":0.0004887580871582031,"y":0.10768011212348938,"z":-0.28528109192848208},"rotation":{"x":-0.22681091725826264,"y":-0.028332261368632318,"z":0.006588741205632687,"w":-0.9735177159309387},"size":2.055701494216919,"orthographic":false}