{"cameraMode":{"drawMode":0,"name":"Shaded","section":"Shading Mode"},"sceneLighting":false,"audioPlay":false,"sceneViewState":{"showFog":false,"showMaterialUpdate":true,"showSkybox":false,"showFlares":true,"showImageEffects":true,"showParticleSystems":true},"in2DMode":false,"pivot":{"x":8.255374908447266,"y":-0.7196934223175049,"z":12.46507740020752},"rotation":{"x":0.16418743133544923,"y":-0.02959311567246914,"z":0.004904623609036207,"w":0.9860070943832398},"size":9.95817756652832,"orthographic":false}