{"cameraMode":{"drawMode":0,"name":"Shaded","section":"Shading Mode"},"sceneLighting":true,"audioPlay":false,"sceneViewState":{"showFog":true,"showMaterialUpdate":true,"showSkybox":true,"showFlares":true,"showImageEffects":true,"showParticleSystems":true},"in2DMode":false,"pivot":{"x":-18.481796264648439,"y":-2.919546604156494,"z":27.817771911621095},"rotation":{"x":-0.10390568524599076,"y":0.22241437435150147,"z":-0.023846494033932687,"w":-0.9691076874732971},"size":38.952980041503909,"orthographic":false}