{"cameraMode":{"drawMode":0,"name":"Shaded","section":"Shading Mode"},"sceneLighting":true,"audioPlay":false,"sceneViewState":{"showFog":true,"showMaterialUpdate":true,"showSkybox":true,"showFlares":true,"showImageEffects":true,"showParticleSystems":true},"in2DMode":false,"pivot":{"x":1.8721721172332764,"y":-3.8485524654388429,"z":-13.5718412399292},"rotation":{"x":-0.0015877388650551439,"y":0.9877578616142273,"z":-0.15566590428352357,"w":-0.010074500925838948},"size":23.893890380859376,"orthographic":false}